{"r": 0.06878795503261467, "p": 0.11200815457212344, "n": 535}